INSERT INTO departments (id, name, createdAt, updatedAt) VALUES
(1, '경영지원부', '2025-11-07 13:24:31', '2025-11-07 13:24:31'),
(2, '개발부', '2025-11-07 13:24:31', '2025-11-07 13:24:31'),
(3, '데이터분석부', '2025-11-07 13:24:31', '2025-11-07 13:24:31'),
(4, '디자인부', '2025-11-07 13:24:31', '2025-11-07 13:24:31'),
(5, '마케팅부', '2025-11-07 13:24:31', '2025-11-07 13:24:31'),
(6, '고객지원부', '2025-11-07 13:24:31', '2025-11-07 13:24:31');


INSERT INTO teams (id, name, department_id, createdAt, updatedAt) VALUES
(1, '인사팀', 1, '2025-11-07 13:24:38', '2025-11-07 13:24:38'),
(2, '회계팀', 1, '2025-11-07 13:24:38', '2025-11-07 13:24:38'),
(3, '백엔드팀', 2, '2025-11-07 13:24:38', '2025-11-07 13:24:38'),
(4, '프론트엔드팀', 2, '2025-11-07 13:24:38', '2025-11-07 13:24:38'),
(5, 'AI모델팀', 3, '2025-11-07 13:24:38', '2025-11-07 13:24:38'),
(6, '데이터엔지니어링팀', 3, '2025-11-07 13:24:38', '2025-11-07 13:24:38'),
(7, 'UIUX팀', 4, '2025-11-07 13:24:38', '2025-11-07 13:24:38'),
(8, '브랜드디자인팀', 4, '2025-11-07 13:24:38', '2025-11-07 13:24:38'),
(9, '콘텐츠팀', 5, '2025-11-07 13:24:38', '2025-11-07 13:24:38'),
(10, '광고운영팀', 5, '2025-11-07 13:24:38', '2025-11-07 13:24:38'),
(11, '고객상담팀', 6, '2025-11-07 13:24:38', '2025-11-07 13:24:38'),
(12, '품질관리팀', 6, '2025-11-07 13:24:38', '2025-11-07 13:24:38');


INSERT INTO users (user_id, name, email, password, role, status, department_id, team_id, createdAt, updatedAt) VALUES
(1, 'admin1', 'admin1@company.com', 'admin123!', 'Admin', 'active', NULL, NULL, '2025-11-07 22:23:54', '2025-11-07 22:23:54'),
(2, '박진우', 'parkjw@company.com', 'pw123!', 'Manager', 'active', 2, 3, '2025-11-13 10:00:00', '2025-11-13 10:00:00'),
(3, '이서준', 'lee1@company.com', 'pw123!', 'Employee', 'active', 2, 3, '2025-11-13 10:05:00', '2025-11-13 10:05:00'),
(4, '최민호', 'choi1@company.com', 'pw123!', 'Employee', 'active', 2, 3, '2025-11-13 10:06:00', '2025-11-13 10:06:00'),
(5, '정하늘', 'jung1@company.com', 'pw123!', 'Employee', 'active', 2, 3, '2025-11-13 10:07:00', '2025-11-13 10:07:00'),
(6, '오세린', 'oh1@company.com', 'pw123!', 'Employee', 'active', 2, 3, '2025-11-13 10:08:00', '2025-11-13 10:08:00'),
(7, '한지연', 'han1@company.com', 'pw123!', 'Employee', 'active', 2, 3, '2025-11-13 10:09:00', '2025-11-13 10:09:00');

INSERT INTO tasks (id, user_id, title, description, deadline, estimated_time, difficulty, taskType, importance, completed, completedAt, createdAt, updatedAt) VALUES
-- 2025-12-01 ~ 12-15 기준 TASKS

-- 박진우(팀장, 2) ▶ 75% 목표 → Task 5 지연 완료
(2, 2, '12월 백엔드 스프린트 기획', '', '2025-12-02 18:00:00', 120, '보통', '기획', '높음', 1, '2025-12-02 16:10:00', '2025-12-01 10:00:00', '2025-12-01 10:00:00'),
(3, 2, 'API 구조 점검 회의', '', '2025-12-04 11:00:00', 60, '쉬움', '회의', '중간', 1, '2025-12-04 11:05:00', '2025-12-03 09:10:00', '2025-12-03 09:10:00'),
(4, 2, '신규 모듈 설계안 문서화', '', '2025-12-08 18:00:00', 150, '어려움', '기획', '높음', 0, NULL, '2025-12-05 10:20:00', '2025-12-05 10:20:00'),
(5, 2, '주간 백엔드 회의 주도', '', '2025-12-11 10:00:00', 60, '쉬움', '회의', '중간', 1, '2025-12-11 10:40:00', -- ⚠ deadline 초과
 '2025-12-10 14:00:00', '2025-12-10 14:00:00'),
(6, 2, '서비스 장애 대응 보고서 작성', '', '2025-12-15 17:00:00', 120, '보통', '기획', '높음', 0, NULL, '2025-12-13 09:00:00', '2025-12-13 09:00:00'),

-- 이서준(3) 에이스 개발자 ▶ 100% 유지
(7, 3, 'JWT 인증 개선 작업', '', '2025-12-03 18:00:00', 180, '어려움', '개발', '높음', 1, '2025-12-03 16:30:00', '2025-12-01 10:30:00', '2025-12-01 10:30:00'),
(8, 3, '결제 API 응답 지연 버그 수정', '', '2025-12-04 16:00:00', 90, '보통', '버그수정', '높음', 1, '2025-12-04 15:00:00', '2025-12-02 09:40:00', '2025-12-02 09:40:00'),
(9, 3, '유저 정보 캐시 적용', '', '2025-12-06 18:00:00', 160, '어려움', '개발', '중간', 1, '2025-12-06 15:00:00', '2025-12-04 13:00:00', '2025-12-04 13:00:00'),
(10, 3, '12월 배포 스크립트 개선', '', '2025-12-10 18:00:00', 120, '보통', '개발', '중간', 1, '2025-12-10 17:40:00', '2025-12-08 09:30:00', '2025-12-08 09:30:00'),
(11, 3, '대규모 로그 분석 도구 수정', '', '2025-12-14 17:00:00', 200, '어려움', '버그수정', '높음', 0, NULL, '2025-12-12 11:00:00', '2025-12-12 11:00:00'),

-- 최민호(4) ▶ 67% → Task 15 지연 완료
(12, 4, '회원가입 API 리팩토링', '', '2025-12-03 18:00:00', 120, '보통', '개발', '중간', 1, '2025-12-03 15:30:00', '2025-12-01 11:00:00', '2025-12-01 11:00:00'),
(13, 4, '로그인 로그 저장 오류 수정', '', '2025-12-05 16:00:00', 80, '쉬움', '버그수정', '중간', 1, '2025-12-04 15:30:00', '2025-12-04 09:30:00', '2025-12-04 09:30:00'),
(14, 4, '세션 만료 정책 검토', '', '2025-12-09 18:00:00', 100, '보통', '기획', '중간', 0, NULL, '2025-12-07 10:20:00', '2025-12-07 10:20:00'),
(15, 4, '백엔드 공통 모듈 점검', '', '2025-12-12 16:00:00', 120, '보통', '개발', '낮음', 1, '2025-12-12 18:20:00', -- ⚠ deadline 초과
 '2025-12-10 11:40:00', '2025-12-10 11:40:00'),
(16, 4, '로그 정제 규칙 업데이트', '', '2025-12-14 18:00:00', 60, '쉬움', '개발', '낮음', 0, NULL, '2025-12-13 09:50:00', '2025-12-13 09:50:00'),

-- 정하늘(5) ▶ 40% → Task 19 지연 완료
(17, 5, '쿠폰 적용 오류 버그 수정', '', '2025-12-02 17:00:00', 90, '보통', '버그수정', '높음', 1, '2025-12-02 16:00:00', '2025-12-01 12:00:00', '2025-12-01 12:00:00'),
(18, 5, '알림 서비스 큐 점검', '', '2025-12-04 18:00:00', 100, '어려움', '개발', '중간', 0, NULL, '2025-12-03 10:30:00', '2025-12-03 10:30:00'),
(19, 5, 'Redis 캐시 TTL 검토', '', '2025-12-06 18:00:00', 60, '쉬움', '기획', '낮음', 1, '2025-12-06 19:20:00', -- ⚠ deadline 초과
 '2025-12-05 14:00:00', '2025-12-05 14:00:00'),
(20, 5, '메일 발송 지연 버그 수정', '', '2025-12-10 16:00:00', 120, '보통', '버그수정', '높음', 0, NULL, '2025-12-08 09:50:00', '2025-12-08 09:50:00'),
(21, 5, '백오피스 알림 로그 개선', '', '2025-12-15 18:00:00', 120, '어려움', '개발', '중간', 0, NULL, '2025-12-12 11:00:00', '2025-12-12 11:00:00'),

-- 오세린(6) ▶ 75% → Task 25 지연 완료
(22, 6, '배치 작업 스케줄 점검', '', '2025-12-02 17:00:00', 80, '쉬움', '개발', '중간', 1, '2025-12-02 16:30:00', '2025-12-01 11:40:00', '2025-12-01 11:40:00'),
(23, 6, '대량 데이터 처리 성능 개선', '', '2025-12-05 18:00:00', 200, '어려움', '개발', '높음', 1, '2025-12-05 17:20:00', '2025-12-03 13:00:00', '2025-12-03 13:00:00'),
(24, 6, '서버 리소스 모니터링 자동화', '', '2025-12-09 18:00:00', 150, '보통', '개발', '중간', 0, NULL, '2025-12-07 09:20:00', '2025-12-07 09:20:00'),
(25, 6, 'API 장애 탐지 규칙 업데이트', '', '2025-12-12 18:00:00', 90, '쉬움', '기획', '중간', 1, '2025-12-12 19:20:00', -- ⚠ deadline 초과
 '2025-12-10 11:10:00', '2025-12-10 11:10:00'),
(26, 6, '서버 재시작 자동화 테스트', '', '2025-12-15 17:00:00', 120, '보통', '개발', '중간', 0, NULL, '2025-12-13 12:00:00', '2025-12-13 12:00:00'),

-- 한지연(7) ▶ 25% → Task 27 지연 완료
(27, 7, '프론트 요청 파라미터 검증 보완', '', '2025-12-02 18:00:00', 60, '쉬움', '개발', '낮음', 1, '2025-12-02 19:20:00', -- ⚠ deadline 초과
 '2025-12-01 13:10:00', '2025-12-01 13:10:00'),
(28, 7, '카트 API 오류 수정', '', '2025-12-04 16:00:00', 100, '보통', '버그수정', '중간', 0, NULL, '2025-12-03 10:20:00', '2025-12-03 10:20:00'),
(29, 7, '로그 필드 누락 문제 해결', '', '2025-12-07 12:00:00', 70, '보통', '버그수정', '중간', 1, '2025-12-07 11:40:00', '2025-12-05 14:20:00', '2025-12-05 14:20:00'),
(30, 7, '환불 API 로직 검토', '', '2025-12-10 18:00:00', 120, '어려움', '개발', '높음', 0, NULL, '2025-12-08 10:10:00', '2025-12-08 10:10:00'),
(31, 7, '백오피스 조회 필터 추가', '', '2025-12-15 18:00:00', 100, '보통', '개발', '중간', 0, NULL, '2025-12-13 15:00:00', '2025-12-13 15:00:00');



INSERT INTO tasks (id, user_id, title, description, deadline, estimated_time, difficulty, taskType, importance, completed, completedAt, createdAt, updatedAt) VALUES
-- 2025-12-16 ~ 12-31 기준 TASKS
(32, 2, '1월 서비스 출시 일정 최종 조율', '', '2025-12-18 18:00:00', 120, '보통', '기획', '높음', 1, '2025-12-18 17:10:00', '2025-12-15 09:40:00', '2025-12-15 09:40:00'),
(33, 2, '데이터베이스 마이그레이션 리스크 검토', '', '2025-12-22 18:00:00', 180, '어려움', '기획', '높음', 0, NULL, '2025-12-19 10:20:00', '2025-12-19 10:20:00'),
(34, 2, '연말 백엔드 성과 평가 준비', '', '2025-12-29 15:00:00', 150, '보통', '기획', '중간', 1, '2025-12-29 15:50:00', -- ⚠ deadline 초과
 '2025-12-26 14:00:00', '2025-12-26 14:00:00'),

(35, 3, '쿼리 최적화 2차 개선', '', '2025-12-17 18:00:00', 160, '어려움', '개발', '높음', 1, '2025-12-17 16:40:00', '2025-12-15 10:10:00', '2025-12-15 10:10:00'),
(36, 3, '신규 API 부하 테스트 자동화', '', '2025-12-21 18:00:00', 200, '어려움', '개발', '중간', 1, '2025-12-21 17:20:00', '2025-12-18 09:30:00', '2025-12-18 09:30:00'),
(37, 3, '로그 스트리밍 시스템 연동', '', '2025-12-28 18:00:00', 200, '어려움', '개발', '높음', 0, NULL, '2025-12-24 11:40:00', '2025-12-24 11:40:00'),

(38, 4, '웹훅 재시도 로직 개선', '', '2025-12-18 17:00:00', 120, '보통', '개발', '중간', 1, '2025-12-18 16:20:00', '2025-12-15 11:10:00', '2025-12-15 11:10:00'),
(39, 4, 'API rate limit 정책 검토', '', '2025-12-23 18:00:00', 140, '보통', '기획', '중간', 0, NULL, '2025-12-20 10:00:00', '2025-12-20 10:00:00'),
(40, 4, '시스템 점검 자동 보고 기능 추가', '', '2025-12-30 18:00:00', 150, '보통', '개발', '낮음', 1, '2025-12-30 19:30:00', -- ⚠ deadline 초과
 '2025-12-27 14:20:00', '2025-12-27 14:20:00'),

(41, 5, '푸시 알림 임계값 조정', '', '2025-12-16 18:00:00', 70, '보통', '개발', '중간', 0, NULL, '2025-12-15 13:20:00', '2025-12-15 13:20:00'),
(42, 5, '메일 전송 모듈 재시도 로직 개선', '', '2025-12-20 17:00:00', 100, '어려움', '개발', '높음', 1, '2025-12-20 18:10:00', -- ⚠ deadline 초과
 '2025-12-18 10:40:00', '2025-12-18 10:40:00'),
(43, 5, 'Slow Query 모니터링 대시보드 연동', '', '2025-12-27 18:00:00', 180, '어려움', '개발', '높음', 0, NULL, '2025-12-23 11:00:00', '2025-12-23 11:00:00'),
(44, 5, '백오피스 알림 UI 정책 변경 대응', '', '2025-12-31 18:00:00', 100, '보통', '개발', '중간', 0, NULL, '2025-12-28 10:20:00', '2025-12-28 10:20:00'),

(45, 6, 'CI 파이프라인 속도 최적화', '', '2025-12-19 18:00:00', 150, '어려움', '개발', '높음', 1, '2025-12-19 17:40:00', '2025-12-16 11:50:00', '2025-12-16 11:50:00'),
(46, 6, '배치 오류 자동 감지 알림 개선', '', '2025-12-23 18:00:00', 160, '보통', '개발', '중간', 0, NULL, '2025-12-20 11:10:00', '2025-12-20 11:10:00'),
(47, 6, '서버 리소스 이상 탐지 규칙 고도화', '', '2025-12-29 17:00:00', 150, '보통', '기획', '중간', 1, '2025-12-29 18:10:00', -- ⚠ deadline 초과
 '2025-12-26 12:40:00', '2025-12-26 12:40:00'),

(48, 7, '입력 유효성 검사 보완 2차', '', '2025-12-17 18:00:00', 80, '쉬움', '개발', '낮음', 0, NULL, '2025-12-15 14:10:00', '2025-12-15 14:10:00'),
(49, 7, '장바구니 수량 반영 버그 수정', '', '2025-12-21 16:00:00', 100, '보통', '버그수정', '중간', 1, '2025-12-21 16:50:00', -- ⚠ deadline 초과
 '2025-12-19 10:40:00', '2025-12-19 10:40:00'),
(50, 7, '환불 내역 조회 최적화', '', '2025-12-28 18:00:00', 120, '보통', '개발', '중간', 0, NULL, '2025-12-24 09:50:00', '2025-12-24 09:50:00'),
(51, 7, '배포 로그 필터 정렬 개선', '', '2025-12-31 16:00:00', 100, '쉬움', '개발', '중간', 0, NULL, '2025-12-28 14:20:00', '2025-12-28 14:20:00');






INSERT INTO attendances (id, user_id, date, check_in, check_out, status, createdAt, updatedAt) VALUES
-- 박진우(2) 야근 2회
(1,2,'2025-12-01','09:00','18:00','정상',NOW(),NOW()),
(2,2,'2025-12-02','08:55','20:25','정상, 야근',NOW(),NOW()),
(3,2,'2025-12-03','09:02','18:00','지각',NOW(),NOW()),
(4,2,'2025-12-04','09:00','18:00','정상',NOW(),NOW()),
(5,2,'2025-12-05','09:01','18:00','지각',NOW(),NOW()),
(6,2,'2025-12-08','09:00','20:10','정상, 야근',NOW(),NOW()),
(7,2,'2025-12-09','09:03','18:00','지각',NOW(),NOW()),
(8,2,'2025-12-10','09:00','18:00','정상',NOW(),NOW()),
(9,2,'2025-12-11','09:00','18:00','정상',NOW(),NOW()),
(10,2,'2025-12-12','09:00','18:00','정상',NOW(),NOW()),
(11,2,'2025-12-13','09:10','18:00','지각',NOW(),NOW()),
(12,2,'2025-12-14','09:00','18:00','정상',NOW(),NOW()),
(13,2,'2025-12-15','09:00','18:00','정상',NOW(),NOW()),

-- 이서준(3) 전부 정상
(14,3,'2025-12-01','08:50','18:00','정상',NOW(),NOW()),
(15,3,'2025-12-02','09:00','18:00','정상',NOW(),NOW()),
(16,3,'2025-12-03','08:58','18:21','정상',NOW(),NOW()),
(19,3,'2025-12-08','08:50','18:00','정상',NOW(),NOW()),
(20,3,'2025-12-09','09:00','18:00','정상',NOW(),NOW()),
(21,3,'2025-12-10','08:53','18:00','정상',NOW(),NOW()),
(22,3,'2025-12-11','09:02','18:00','지각',NOW(),NOW()),
(23,3,'2025-12-12','09:00','18:00','정상',NOW(),NOW()),
(24,3,'2025-12-13','08:58','18:00','정상',NOW(),NOW()),
(25,3,'2025-12-14','09:00','18:00','정상',NOW(),NOW()),
(26,3,'2025-12-15','09:00','18:00','정상',NOW(),NOW()),

-- 최민호(4) 올클린 (모범)
(27,4,'2025-12-01','09:00','18:00','정상',NOW(),NOW()),
(28,4,'2025-12-02','09:00','18:00','정상',NOW(),NOW()),
(29,4,'2025-12-03','08:59','19:53','정상, 야근',NOW(),NOW()),
(30,4,'2025-12-04','09:00','18:00','정상',NOW(),NOW()),
(31,4,'2025-12-05','09:00','18:00','정상',NOW(),NOW()),
(32,4,'2025-12-08','09:00','18:00','정상',NOW(),NOW()),
(33,4,'2025-12-09','09:00','18:00','정상',NOW(),NOW()),
(34,4,'2025-12-10','09:00','18:00','정상',NOW(),NOW()),
(35,4,'2025-12-11','09:00','18:00','정상',NOW(),NOW()),
(36,4,'2025-12-12','09:00','18:00','정상',NOW(),NOW()),
(37,4,'2025-12-13','09:00','18:00','정상',NOW(),NOW()),
(38,4,'2025-12-14','09:00','18:00','정상',NOW(),NOW()),
(39,4,'2025-12-15','09:00','18:00','정상',NOW(),NOW()),

-- 정하늘(5) 지각 6번
(40,5,'2025-12-01','09:10','18:00','지각',NOW(),NOW()),
(41,5,'2025-12-02','09:15','18:00','지각',NOW(),NOW()),
(42,5,'2025-12-03','09:01','18:21','지각',NOW(),NOW()),
(43,5,'2025-12-04','09:25','18:00','지각',NOW(),NOW()),
(45,5,'2025-12-08','09:00','18:00','정상',NOW(),NOW()),
(46,5,'2025-12-09','09:00','18:00','정상',NOW(),NOW()),
(47,5,'2025-12-10','09:05','18:00','지각',NOW(),NOW()),
(48,5,'2025-12-11','09:00','18:00','정상',NOW(),NOW()),
(49,5,'2025-12-12','09:02','18:00','지각',NOW(),NOW()),
(50,5,'2025-12-13','09:10','18:00','지각',NOW(),NOW()),
(51,5,'2025-12-14','09:00','18:00','정상',NOW(),NOW()),
(52,5,'2025-12-15','09:00','18:00','정상',NOW(),NOW()),

-- 오세린(6) 매우 성실 + 야근 1회
(53,6,'2025-12-01','08:55','18:00','정상',NOW(),NOW()),
(54,6,'2025-12-02','08:57','18:00','정상',NOW(),NOW()),
(55,6,'2025-12-03','08:59','14:13','정상, 조퇴',NOW(),NOW()),
(56,6,'2025-12-04','09:00','18:00','정상',NOW(),NOW()),
(57,6,'2025-12-05','08:53','18:00','정상',NOW(),NOW()),
(58,6,'2025-12-08','08:59','18:00','정상',NOW(),NOW()),
(59,6,'2025-12-09','09:00','18:00','정상',NOW(),NOW()),
(60,6,'2025-12-10','08:55','18:00','정상',NOW(),NOW()),
(61,6,'2025-12-11','09:00','20:45','정상, 야근',NOW(),NOW()),
(62,6,'2025-12-12','09:00','18:00','정상',NOW(),NOW()),
(63,6,'2025-12-13','08:58','18:00','정상',NOW(),NOW()),
(64,6,'2025-12-14','09:00','18:00','정상',NOW(),NOW()),
(65,6,'2025-12-15','09:00','18:00','정상',NOW(),NOW()),

-- 한지연(7) 지각 + 조퇴 1
(66,7,'2025-12-01','09:05','18:00','지각',NOW(),NOW()),
(67,7,'2025-12-02','09:12','18:00','지각',NOW(),NOW()),
(68,7,'2025-12-03','09:04','14:43','지각, 조퇴',NOW(),NOW()),
(69,7,'2025-12-04','09:20','18:00','지각',NOW(),NOW()),
(70,7,'2025-12-05','09:02','17:20','지각, 조퇴',NOW(),NOW()),
(71,7,'2025-12-08','09:00','18:00','정상',NOW(),NOW()),
(72,7,'2025-12-09','09:15','18:00','지각',NOW(),NOW()),
(73,7,'2025-12-10','09:00','18:00','정상',NOW(),NOW()),
(74,7,'2025-12-11','09:00','18:00','정상',NOW(),NOW()),
(75,7,'2025-12-12','09:00','18:00','정상',NOW(),NOW()),
(76,7,'2025-12-13','09:03','18:00','지각',NOW(),NOW()),
(77,7,'2025-12-14','09:00','18:00','정상',NOW(),NOW()),
(78,7,'2025-12-15','09:00','18:00','정상',NOW(),NOW());

INSERT INTO attendances (id, user_id, date, check_in, check_out, status, createdAt, updatedAt) VALUES
-- 12/16 ~ 12/31 근무일 출근 기록 (주말 제외, 25일 휴무)

-- 박진우(2)
(79,2,'2025-12-16','09:04','18:00','지각',NOW(),NOW()),
(80,2,'2025-12-17','09:00','18:00','정상',NOW(),NOW()),
(81,2,'2025-12-18','09:00','20:40','정상, 야근',NOW(),NOW()),
(82,2,'2025-12-19','09:01','18:00','지각',NOW(),NOW()),
(83,2,'2025-12-20','09:00','18:00','정상',NOW(),NOW()),
(84,2,'2025-12-23','09:00','18:00','정상',NOW(),NOW()),
(85,2,'2025-12-24','09:00','18:00','정상',NOW(),NOW()),
-- 12/25 공휴일 휴무
(86,2,'2025-12-26','09:03','18:00','지각',NOW(),NOW()),
(87,2,'2025-12-27','09:00','18:00','정상',NOW(),NOW()),
(88,2,'2025-12-30','09:00','18:00','정상',NOW(),NOW()),
(89,2,'2025-12-31','09:00','20:30','정상, 야근',NOW(),NOW()),

-- 이서준(3)
(90,3,'2025-12-16','08:55','18:00','정상',NOW(),NOW()),
(91,3,'2025-12-17','08:58','18:00','정상',NOW(),NOW()),
(92,3,'2025-12-18','09:00','18:00','정상',NOW(),NOW()),
(93,3,'2025-12-19','08:50','18:00','정상',NOW(),NOW()),
(94,3,'2025-12-20','09:00','18:00','정상',NOW(),NOW()),
(95,3,'2025-12-23','08:55','18:00','정상',NOW(),NOW()),
(96,3,'2025-12-24','09:00','18:00','정상',NOW(),NOW()),
-- 12/25 공휴일 휴무
(97,3,'2025-12-26','08:52','18:00','정상',NOW(),NOW()),
(98,3,'2025-12-27','08:59','18:00','정상',NOW(),NOW()),
(99,3,'2025-12-30','09:00','18:00','정상',NOW(),NOW()),
(100,3,'2025-12-31','08:53','18:00','정상',NOW(),NOW()),

-- 최민호(4) 모범
(101,4,'2025-12-16','09:00','18:00','정상',NOW(),NOW()),
(102,4,'2025-12-17','09:00','18:00','정상',NOW(),NOW()),
(103,4,'2025-12-18','09:00','18:00','정상',NOW(),NOW()),
(104,4,'2025-12-19','09:00','18:00','정상',NOW(),NOW()),
(105,4,'2025-12-20','09:00','18:00','정상',NOW(),NOW()),
(106,4,'2025-12-23','09:00','18:00','정상',NOW(),NOW()),
(107,4,'2025-12-24','09:00','18:00','정상',NOW(),NOW()),
-- 12/25 공휴일 없음
(108,4,'2025-12-26','09:00','18:00','정상',NOW(),NOW()),
(109,4,'2025-12-27','09:00','18:00','정상',NOW(),NOW()),
(110,4,'2025-12-30','09:00','18:00','정상',NOW(),NOW()),
(111,4,'2025-12-31','09:00','18:00','정상',NOW(),NOW()),

-- 정하늘(5) 지각 다수
(112,5,'2025-12-16','09:12','18:00','지각',NOW(),NOW()),
(113,5,'2025-12-17','09:18','18:00','지각',NOW(),NOW()),
(114,5,'2025-12-18','09:00','18:00','정상',NOW(),NOW()),
(115,5,'2025-12-19','09:09','18:00','지각',NOW(),NOW()),
(116,5,'2025-12-20','09:15','18:00','지각',NOW(),NOW()),
(117,5,'2025-12-23','09:00','18:00','정상',NOW(),NOW()),
(118,5,'2025-12-24','09:03','18:00','지각',NOW(),NOW()),
-- 12/25 공휴일 없음
(119,5,'2025-12-26','09:00','18:00','정상',NOW(),NOW()),
(120,5,'2025-12-27','09:05','18:00','지각',NOW(),NOW()),
(121,5,'2025-12-30','09:08','18:00','지각',NOW(),NOW()),
(122,5,'2025-12-31','09:00','18:00','정상',NOW(),NOW()),

-- 오세린(6) 성실 + 연말 야근 없음
(123,6,'2025-12-16','08:58','18:00','정상',NOW(),NOW()),
(124,6,'2025-12-17','08:55','18:00','정상',NOW(),NOW()),
(125,6,'2025-12-18','09:00','18:00','정상',NOW(),NOW()),
(126,6,'2025-12-19','08:57','18:00','정상',NOW(),NOW()),
(127,6,'2025-12-20','09:00','18:00','정상',NOW(),NOW()),
(128,6,'2025-12-23','08:55','18:00','정상',NOW(),NOW()),
(129,6,'2025-12-24','08:59','18:00','정상',NOW(),NOW()),
-- 25 휴무
(130,6,'2025-12-26','09:00','18:00','정상',NOW(),NOW()),
(131,6,'2025-12-27','08:58','18:00','정상',NOW(),NOW()),
(132,6,'2025-12-30','08:55','18:00','정상',NOW(),NOW()),
(133,6,'2025-12-31','09:00','18:00','정상',NOW(),NOW()),

-- 한지연(7) 지각 잦고 간헐적
(134,7,'2025-12-16','09:06','18:00','지각',NOW(),NOW()),
(135,7,'2025-12-17','09:14','18:00','지각',NOW(),NOW()),
(136,7,'2025-12-18','09:00','18:00','정상',NOW(),NOW()),
(137,7,'2025-12-19','09:08','18:00','지각',NOW(),NOW()),
(138,7,'2025-12-20','09:00','18:00','정상',NOW(),NOW()),
(139,7,'2025-12-23','09:00','18:00','정상',NOW(),NOW()),
(140,7,'2025-12-24','09:11','18:00','지각',NOW(),NOW()),
-- 25 휴무
(141,7,'2025-12-26','09:02','17:40','지각, 조퇴',NOW(),NOW()),
(142,7,'2025-12-27','09:03','18:00','지각',NOW(),NOW()),
(143,7,'2025-12-30','09:00','18:00','정상',NOW(),NOW()),
(144,7,'2025-12-31','09:05','18:00','지각',NOW(),NOW());

 
INSERT INTO vacations (vacation_id, user_id, startDate, endDate, reason, status, rejection_reason, createdAt, updatedAt) VALUES
(1, 3, '2025-11-26', '2025-11-26', '휴식', '승인', NULL, '2025-11-25 09:10:00', '2025-11-25 09:15:00'),
(2, 3, '2025-12-04', '2025-12-05', '여행', '승인', NULL, '2025-11-28 09:10:00', '2025-11-28 09:10:00'),
(3, 7, '2025-11-28', '2025-11-29', '개인 사정', '반려', '28일 마감 업무 미완료', '2025-11-10 14:00:00', '2025-11-25 13:58:11'),
(4, 5, '2025-12-05', '2025-12-05', '병원 진료', '승인', NULL, '2025-12-03 09:10:00', '2025-12-03 09:15:00'),
(5, 6, '2025-12-09', '2025-12-10', '개인 사정', '반려', '업무 미완료로 인해 반려', '2025-12-12 10:00:00', '2025-12-12 10:00:00');


									
									






INSERT INTO peer_reviews (id, reviewer_id, reviewee_id, teamwork, communication, responsibility, comment, createdAt, updatedAt) VALUES

-- ✨ 이서준(3)이 팀원 평가
(1, 3, 4, 5, 4, 5, '항상 안정적으로 결과물 내줘서 믿고 맡길 수 있음.', '2025-12-26', '2025-12-26'),
(2, 3, 5, 3, 4, 3, '역량은 좋은데 일정 관리만 보완되면 더 좋을 듯.', '2025-12-26', '2025-12-26'),
(3, 3, 6, 4, 5, 4, '협업 시 커뮤니케이션이 뛰어나서 개발 흐름이 좋아짐.', '2025-12-26', '2025-12-26'),
(4, 3, 7, 4, 4, 4, '아직 초반이지만 배움 속도가 빨라서 기대됨.', '2025-12-26', '2025-12-26'),

-- ✨ 최민호(4)이 팀원 평가
(5, 4, 3, 4, 4, 5, '복잡한 개발 이슈를 해결하는 능력이 탁월함.', '2025-12-21', '2025-12-21'),
(6, 4, 5, 3, 3, 3, '업무 몰릴 때 도움 요청만 조금 더 명확히 했으면.', '2025-12-21', '2025-12-21'),
(7, 4, 6, 5, 5, 5, '항상 먼저 도와주고 소통이 빠름. 팀에 큰 힘 됨.', '2025-12-21', '2025-12-21'),
(8, 4, 7, 4, 5, 3, '적극적으로 질문하는 자세가 좋고 빠르게 적응 중.', '2025-12-21', '2025-12-21'),

-- ✨ 정하늘(5)이 팀원 평가
(9, 5, 3, 4, 4, 5, '항상 업무 방향을 잘 잡아줘서 많은 도움 됨.', '2025-12-26', '2025-12-26'),
(10, 5, 4, 5, 4, 4, '꼼꼼하고 실수 없어서 따라가기 편해짐.', '2025-12-26', '2025-12-26'),
(11, 5, 6, 5, 5, 4, '일정 늦을 때마다 도와준 덕에 큰 도움 받음.', '2025-12-26', '2025-12-26'),
(12, 5, 7, 4, 4, 4, '같이 고민하면서 시도하는 자세가 좋음.', '2025-12-26', '2025-12-26'),

-- ✨ 오세린(6)이 팀원 평가
(13, 6, 3, 5, 5, 5, '팀 기술적 방향을 잘 잡아줘서 신뢰감 높음.', '2025-12-24', '2025-12-24'),
(14, 6, 4, 5, 4, 5, '작업 결과물이 안정적이고 협업이 수월함.', '2025-12-24', '2025-12-24'),
(15, 6, 5, 4, 5, 4, '커뮤니케이션이 좋아서 협업 시 편안함.', '2025-12-24', '2025-12-24'),
(16, 6, 7, 4, 5, 3, '질문 많이 하고 피드백 잘 수용하는 편.', '2025-12-24', '2025-12-24'),

-- ✨ 한지연(7)이 팀원 평가
(17, 7, 3, 5, 4, 5, '잘 모르겠는 부분을 설명해줘서 큰 도움 됨.', '2025-12-24', '2025-12-24'),
(18, 7, 4, 4, 4, 4, '작업 방식이 안정적이라 많이 참고됨.', '2025-12-24', '2025-12-24'),
(19, 7, 5, 4, 5, 3, '언제든 물어보면 친절히 도와줘서 감사함.', '2025-12-24', '2025-12-24'),
(20, 7, 6, 5, 5, 4, '항상 챙겨주고 소통도 잘해줘서 일하기 편함.', '2025-12-24', '2025-12-24');

